enemy_fire_interval,enemy_speed,trial,seed,result,time_seconds,score,cause,input_count,frames
1,2,1,1001,FAILURE,9.167,0,hit,37,550
1,2,2,1002,FAILURE,12.400,10,hit,50,744
1,2,3,1003,FAILURE,3.650,0,hit,15,219
1,2,4,1004,FAILURE,4.267,0,hit,18,256
1,2,5,1005,FAILURE,3.200,0,hit,13,192
1,2,6,1006,FAILURE,7.767,30,hit,32,466
1,2,7,1007,FAILURE,6.050,0,hit,25,363
1,2,8,1008,FAILURE,2.250,0,hit,9,135
1,2,9,1009,FAILURE,10.167,10,hit,41,610
1,2,10,1010,FAILURE,7.500,0,hit,30,450
2,2,1,1001,FAILURE,21.933,40,hit,88,1316
2,2,2,1002,FAILURE,21.183,20,hit,85,1271
2,2,3,1003,FAILURE,19.617,10,hit,79,1177
2,2,4,1004,FAILURE,14.217,20,hit,57,853
2,2,5,1005,FAILURE,9.833,10,hit,40,590
2,2,6,1006,FAILURE,11.600,10,hit,47,696
2,2,7,1007,FAILURE,12.050,30,hit,49,723
2,2,8,1008,FAILURE,7.700,0,hit,31,462
2,2,9,1009,FAILURE,19.633,20,hit,79,1178
2,2,10,1010,FAILURE,6.350,0,hit,26,381
