enemy_speed,trial,seed,result,time_seconds,score,cause,input_count,frames
2.0,1,1001,FAILURE,9.167,0,hit,37,550
2.0,2,1002,FAILURE,12.400,10,hit,50,744
2.0,3,1003,FAILURE,3.650,0,hit,15,219
2.0,4,1004,FAILURE,4.267,0,hit,18,256
2.0,5,1005,FAILURE,3.200,0,hit,13,192
2.0,6,1006,FAILURE,7.767,30,hit,32,466
2.0,7,1007,FAILURE,6.050,0,hit,25,363
2.0,8,1008,FAILURE,2.250,0,hit,9,135
2.0,9,1009,FAILURE,10.167,10,hit,41,610
2.0,10,1010,FAILURE,7.500,0,hit,30,450
1.2,1,1001,FAILURE,3.383,0,hit,14,203
1.2,2,1002,FAILURE,10.350,10,hit,42,621
1.2,3,1003,FAILURE,7.617,30,hit,31,457
1.2,4,1004,FAILURE,4.367,0,hit,18,262
1.2,5,1005,FAILURE,3.083,0,hit,13,185
1.2,6,1006,FAILURE,6.750,10,hit,27,405
1.2,7,1007,FAILURE,6.050,0,hit,25,363
1.2,8,1008,FAILURE,2.350,0,hit,10,141
1.2,9,1009,FAILURE,9.883,0,hit,40,593
1.2,10,1010,FAILURE,7.183,0,hit,29,431
